"DepartamentoCodigo","Departamento","Año","IRCA","Nivel de riesgo","IRCAurbano","Nivel de riesgo urbano","IRCArural","Nivel de riesgo rural"
"05","Antioquia","2,024","5.2","Bajo riesgo","2.4","Sin riesgo","15.3","Riesgo medio"
"05","Antioquia","2,007","7.8","Riesgo bajo","7.9","Riesgo bajo","5.5","Riesgo bajo"
"05","Antioquia","2,008","4.4","Sin riesgo","4.4","Sin riesgo","4.7","Sin riesgo"
"05","Antioquia","2,009","5.4","Riesgo bajo","5.5","Riesgo bajo","5.0","Sin riesgo"
"05","Antioquia","2,010","16.5","Riesgo medio","10.4","Riesgo bajo","31.0","Riesgo medio"
"05","Antioquia","2,011","20.9","Riesgo medio","13.3","Riesgo bajo","36.5","Riesgo alto"
"05","Antioquia","2,012","7.5","Riesgo bajo","7.5","Riesgo bajo","7.1","Riesgo bajo"
"05","Antioquia","2,013","9.2","Riesgo bajo","9.3","Riesgo bajo","9.4","Riesgo bajo"
"05","Antioquia","2,014","7.8","Riesgo bajo","8.3","Riesgo bajo","4.9","Sin riesgo"
"05","Antioquia","2,015","6.8","Riesgo bajo","7.3","Riesgo bajo","3.6","Sin riesgo"
"05","Antioquia","2,016","5.2","Riesgo bajo","5.5","Riesgo bajo","4.8","Sin riesgo"
"05","Antioquia","2,017","3.3","Sin riesgo","3.2","Sin riesgo","2.5","Sin riesgo"
"05","Antioquia","2,018","3.8","Sin riesgo","3.7","Sin riesgo","3.8","Sin riesgo"
"05","Antioquia","2,019","3.7","Sin riesgo","3.6","Sin riesgo","4.5","Sin riesgo"
"05","Antioquia","2,020","5.6","Riesgo bajo","2.6","Sin riesgo","11.9","Riesgo bajo"
"05","Antioquia","2,021","6.4","Riesgo bajo","3.1","Sin riesgo","14.0","Riesgo bajo"
"05","Antioquia","2,022","6.6","Riesgo bajo","3.2","Sin riesgo","16.6","Riesgo medio"
"05","Antioquia","2,023","5.4","Riesgo bajo","2.3","Sin riesgo","14.1","Riesgo medio"
"08","Atlántico","2,024","1.1","Sin riesgo","0.3","Sin riesgo","7.5","Bajo riesgo"
"08","Atlántico","2,007","6.7","Riesgo bajo","6.7","Riesgo bajo","ND","ND"
"08","Atlántico","2,008","5.1","Riesgo bajo","5.1","Riesgo bajo","ND","ND"
"08","Atlántico","2,009","5.2","Riesgo bajo","5.3","Riesgo bajo","3.8","Sin riesgo"
"08","Atlántico","2,010","4.7","Sin riesgo","4.7","Sin riesgo","0.0","Sin riesgo"
"08","Atlántico","2,011","2.9","Sin riesgo","2.9","Sin riesgo","0.0","Sin riesgo"
"08","Atlántico","2,012","3.2","Sin riesgo","3.2","Sin riesgo","0.0","Sin riesgo"
"08","Atlántico","2,013","9.9","Riesgo bajo","2.3","Sin riesgo","35.5","Riesgo alto"
"08","Atlántico","2,014","12.6","Riesgo bajo","3.6","Sin riesgo","30.2","Riesgo medio"
"08","Atlántico","2,015","16.8","Riesgo medio","5.7","Riesgo bajo","32.8","Riesgo medio"
"08","Atlántico","2,016","21.8","Riesgo medio","6.8","Riesgo bajo","22.3","Riesgo medio"
"08","Atlántico","2,017","13.8","Riesgo bajo","2.8","Sin riesgo","16.2","Riesgo medio"
"08","Atlántico","2,018","11.2","Riesgo bajo","2.0","Sin riesgo","27.3","Riesgo medio"
"08","Atlántico","2,019","6.7","Riesgo bajo","0.9","Sin riesgo","18.8","Riesgo medio"
"08","Atlántico","2,020","5.3","Riesgo bajo","0.4","Sin riesgo","16.2","Riesgo medio"
"08","Atlántico","2,021","5.1","Riesgo bajo","0.7","Sin riesgo","13.8","Riesgo bajo"
"08","Atlántico","2,022","3.5","Sin riesgo","0.8","Sin riesgo","13.1","Riesgo bajo"
"08","Atlántico","2,023","2.5","Sin riesgo","0.5","Sin riesgo","11.7","Riesgo bajo"
"11","Bogotá, D.C.","2,024","3.6","Sin riesgo","1.1","Sin riesgo","14.8","Riesgo medio"
"11","Bogotá, D.C.","2,007","0.1","Sin riesgo","0.1","Sin riesgo","1.0","Sin riesgo"
"11","Bogotá, D.C.","2,008","8.6","Riesgo bajo","2.5","Sin riesgo","42.9","Riesgo alto"
"11","Bogotá, D.C.","2,009","14.3","Riesgo medio","5.4","Riesgo bajo","43.7","Riesgo alto"
"11","Bogotá, D.C.","2,010","10.2","Riesgo bajo","3.6","Sin riesgo","39.6","Riesgo alto"
"11","Bogotá, D.C.","2,011","8.6","Riesgo bajo","3.3","Sin riesgo","35.4","Riesgo alto"
"11","Bogotá, D.C.","2,012","5.8","Riesgo bajo","2.1","Sin riesgo","26.2","Riesgo medio"
"11","Bogotá, D.C.","2,013","10.9","Riesgo bajo","2.4","Sin riesgo","41.3","Riesgo alto"
"11","Bogotá, D.C.","2,014","9.9","Riesgo bajo","2.7","Sin riesgo","36.0","Riesgo alto"
"11","Bogotá, D.C.","2,015","7.4","Riesgo bajo","1.9","Sin riesgo","26.1","Riesgo medio"
"11","Bogotá, D.C.","2,016","7.2","Riesgo bajo","1.9","Sin riesgo","30.1","Riesgo medio"
"11","Bogotá, D.C.","2,017","7.6","Riesgo bajo","2.0","Sin riesgo","29.3","Riesgo medio"
"11","Bogotá, D.C.","2,018","6.3","Riesgo bajo","1.9","Sin riesgo","22.5","Riesgo medio"
"11","Bogotá, D.C.","2,019","5.2","Riesgo bajo","1.0","Sin riesgo","13.3","Riesgo bajo"
"11","Bogotá, D.C.","2,020","3.7","Sin riesgo","0.7","Sin riesgo","18.0","Riesgo medio"
"11","Bogotá, D.C.","2,021","4.1","Sin riesgo","0.7","Sin riesgo","21.7","Riesgo medio"
"11","Bogotá, D.C.","2,022","3.1","Sin riesgo","0.5","Sin riesgo","17.5","Riesgo medio"
"11","Bogotá, D.C.","2,023","3.2","Sin riesgo","0.5","Sin riesgo","16.3","Riesgo medio"
"13","Bolívar","2,024","11.3","Bajo riesgo","12.4","Bajo riesgo","6.5","Bajo riesgo"
"13","Bolívar","2,007","28.4","Riesgo medio","28.7","Riesgo medio","12.5","Riesgo bajo"
"13","Bolívar","2,008","44.4","Riesgo alto","44.3","Riesgo alto","44.8","Riesgo alto"
"13","Bolívar","2,009","34.1","Riesgo medio","30.6","Riesgo medio","41.1","Riesgo alto"
"13","Bolívar","2,010","33.6","Riesgo medio","32.2","Riesgo medio","45.9","Riesgo alto"
"13","Bolívar","2,011","31.8","Riesgo medio","30.7","Riesgo medio","43.2","Riesgo alto"
"13","Bolívar","2,012","28","Riesgo medio","26.8","Riesgo medio","40.3","Riesgo alto"
"13","Bolívar","2,013","37.3","Riesgo alto","35.4","Riesgo alto","53.1","Riesgo alto"
"13","Bolívar","2,014","40","Riesgo alto","38.7","Riesgo alto","51.7","Riesgo alto"
"13","Bolívar","2,015","22.1","Riesgo medio","25.8","Riesgo medio","36.0","Riesgo alto"
"13","Bolívar","2,016","22.2","Riesgo medio","26.2","Riesgo medio","47.4","Riesgo alto"
"13","Bolívar","2,017","33.2","Riesgo medio","33.7","Riesgo medio","65.3","Riesgo alto"
"13","Bolívar","2,018","24.5","Riesgo medio","24.5","Riesgo medio","23.4","Riesgo medio"
"13","Bolívar","2,019","24","Riesgo medio","23.5","Riesgo medio","41.4","Riesgo alto"
"13","Bolívar","2,020","37.4","Riesgo alto","38.2","Riesgo alto","26.1","Riesgo medio"
"13","Bolívar","2,021","23.6","Riesgo medio","24.0","Riesgo medio","20.2","Riesgo medio"
"13","Bolívar","2,022","10.4","Riesgo bajo","10.6","Riesgo bajo","8.7","Riesgo bajo"
"13","Bolívar","2,023","10.3","Riesgo bajo","11.2","Riesgo bajo","5.4","Riesgo bajo"
"15","Boyacá","2,024","7.5","Bajo riesgo","4.8","Sin riesgo","22","Riesgo medio"
"15","Boyacá","2,007","21.5","Riesgo medio","21.7","Riesgo medio","15.9","Riesgo medio"
"15","Boyacá","2,008","30.1","Riesgo medio","20.6","Riesgo medio","53.8","Riesgo alto"
"15","Boyacá","2,009","30","Riesgo medio","18.0","Riesgo medio","52.3","Riesgo alto"
"15","Boyacá","2,010","27.2","Riesgo medio","13.0","Riesgo bajo","51.1","Riesgo alto"
"15","Boyacá","2,011","32.4","Riesgo medio","18.5","Riesgo medio","52.8","Riesgo alto"
"15","Boyacá","2,012","30.3","Riesgo medio","10.2","Riesgo bajo","53.2","Riesgo alto"
"15","Boyacá","2,013","32.8","Riesgo medio","6.7","Riesgo bajo","54.6","Riesgo alto"
"15","Boyacá","2,014","28.6","Riesgo medio","5.2","Riesgo bajo","50.8","Riesgo alto"
"15","Boyacá","2,015","28","Riesgo medio","4.3","Sin riesgo","46.5","Riesgo alto"
"15","Boyacá","2,016","27","Riesgo medio","5.1","Riesgo bajo","45.1","Riesgo alto"
"15","Boyacá","2,017","26.3","Riesgo medio","5.2","Riesgo bajo","41.8","Riesgo alto"
"15","Boyacá","2,018","24.7","Riesgo medio","4.5","Sin riesgo","42.5","Riesgo alto"
"15","Boyacá","2,019","23.9","Riesgo medio","4.6","Sin riesgo","39.9","Riesgo alto"
"15","Boyacá","2,020","8.6","Riesgo bajo","3.0","Sin riesgo","26.0","Riesgo medio"
"15","Boyacá","2,021","8.2","Riesgo bajo","4.4","Sin riesgo","25.2","Riesgo medio"
"15","Boyacá","2,022","8.8","Riesgo bajo","5.5","Riesgo bajo","23.6","Riesgo medio"
"15","Boyacá","2,023","7.7","Riesgo bajo","4.7","Sin riesgo","21.6","Riesgo medio"
"17","Caldas","2,024","12.1","Bajo riesgo","0.8","Sin riesgo","49.8","Alto riesgo"
"17","Caldas","2,007","11.3","Riesgo bajo","9.2","Riesgo bajo","59.1","Riesgo alto"
"17","Caldas","2,008","47.9","Riesgo alto","43.3","Riesgo alto","75.0","Riesgo alto"
"17","Caldas","2,009","58.7","Riesgo alto","37.6","Riesgo alto","68.5","Riesgo alto"
"17","Caldas","2,010","58.4","Riesgo alto","27.0","Riesgo medio","75.7","Riesgo alto"
"17","Caldas","2,011","56.6","Riesgo alto","23.2","Riesgo medio","76.0","Riesgo alto"
"17","Caldas","2,012","55.8","Riesgo alto","14.8","Riesgo medio","72.1","Riesgo alto"
"17","Caldas","2,013","57.6","Riesgo alto","6.6","Riesgo bajo","73.3","Riesgo alto"
"17","Caldas","2,014","56.1","Riesgo alto","8.8","Riesgo bajo","69.1","Riesgo alto"
"17","Caldas","2,015","54.3","Riesgo alto","7.5","Riesgo bajo","68.0","Riesgo alto"
"17","Caldas","2,016","51.6","Riesgo alto","0.0","Sin riesgo","73.4","Riesgo alto"
"17","Caldas","2,017","50.1","Riesgo alto","0.0","Sin riesgo","83.5","Inviable sanitariamente"
"17","Caldas","2,018","44.1","Riesgo alto","2.7","Sin riesgo","69.4","Riesgo alto"
"17","Caldas","2,019","26.4","Riesgo medio","0.3","Sin riesgo","64.6","Riesgo alto"
"17","Caldas","2,020","23.6","Riesgo medio","1.1","Sin riesgo","62.6","Riesgo alto"
"17","Caldas","2,021","23.2","Riesgo medio","0.9","Sin riesgo","61.6","Riesgo alto"
"17","Caldas","2,022","19.8","Riesgo medio","1.3","Sin riesgo","56.5","Riesgo alto"
"17","Caldas","2,023","14.7","Riesgo medio","0.8","Sin riesgo","50.6","Riesgo alto"
"18","Caquetá","2,024","6.6","Bajo riesgo","6.6","Bajo riesgo","ND","ND"
"18","Caquetá","2,007","28.7","Riesgo medio","30.6","Riesgo medio","57.5","Riesgo alto"
"18","Caquetá","2,008","27.1","Riesgo medio","27.8","Riesgo medio","36.5","Riesgo alto"
"18","Caquetá","2,009","23.1","Riesgo medio","25.5","Riesgo medio","21.4","Riesgo medio"
"18","Caquetá","2,010","21.2","Riesgo medio","24.6","Riesgo medio","17.3","Riesgo medio"
"18","Caquetá","2,011","15.8","Riesgo medio","17.9","Riesgo medio","12.7","Riesgo bajo"
"18","Caquetá","2,012","15.8","Riesgo medio","17.0","Riesgo medio","28.0","Riesgo medio"
"18","Caquetá","2,013","18.2","Riesgo medio","17.0","Riesgo medio","43.8","Riesgo alto"
"18","Caquetá","2,014","17","Riesgo medio","17.2","Riesgo medio","36.7","Riesgo alto"
"18","Caquetá","2,015","15","Riesgo medio","19.0","Riesgo medio","16.2","Riesgo medio"
"18","Caquetá","2,016","15","Riesgo medio","16.0","Riesgo medio","2.3","Sin riesgo"
"18","Caquetá","2,017","18.8","Riesgo medio","19.6","Riesgo medio","13.6","Riesgo bajo"
"18","Caquetá","2,018","10.2","Riesgo bajo","10.2","Riesgo bajo","0.0","Sin riesgo"
"18","Caquetá","2,019","12.4","Riesgo bajo","12.4","Riesgo bajo","12.7","Riesgo bajo"
"18","Caquetá","2,020","11.8","Riesgo bajo","12.1","Riesgo bajo","9.0","Riesgo bajo"
"18","Caquetá","2,021","8","Riesgo bajo","7.4","Riesgo bajo","15.8","Riesgo medio"
"18","Caquetá","2,022","11.9","Riesgo bajo","11.3","Riesgo bajo","16.1","Riesgo medio"
"19","Cauca","2,024","3.3","Sin riesgo","2.1","Sin riesgo","6.6","Bajo riesgo"
"19","Cauca","2,007","30.7","Riesgo medio","31.0","Riesgo medio","24.3","Riesgo medio"
"19","Cauca","2,008","28.5","Riesgo medio","28.1","Riesgo medio","32.7","Riesgo medio"
"19","Cauca","2,009","27.1","Riesgo medio","27.7","Riesgo medio","28.6","Riesgo medio"
"19","Cauca","2,010","23.1","Riesgo medio","22.4","Riesgo medio","44.3","Riesgo alto"
"19","Cauca","2,011","25","Riesgo medio","25.7","Riesgo medio","29.1","Riesgo medio"
"19","Cauca","2,012","17.9","Riesgo medio","17.0","Riesgo medio","32.9","Riesgo medio"
"19","Cauca","2,013","16.5","Riesgo medio","16.9","Riesgo medio","17.6","Riesgo medio"
"19","Cauca","2,014","18.4","Riesgo medio","16.8","Riesgo medio","41.6","Riesgo alto"
"19","Cauca","2,015","14.7","Riesgo medio","14.2","Riesgo medio","40.6","Riesgo alto"
"19","Cauca","2,016","11.5","Riesgo bajo","12.6","Riesgo bajo","12.3","Riesgo bajo"
"19","Cauca","2,017","11.9","Riesgo bajo","13.0","Riesgo bajo","13.3","Riesgo bajo"
"19","Cauca","2,018","11","Riesgo bajo","11.0","Riesgo bajo","11.3","Riesgo bajo"
"19","Cauca","2,019","8.8","Riesgo bajo","9.6","Riesgo bajo","6.6","Riesgo bajo"
"19","Cauca","2,020","7.6","Riesgo bajo","7.3","Riesgo bajo","9.6","Riesgo bajo"
"19","Cauca","2,021","9.9","Riesgo bajo","9.9","Riesgo bajo","10.1","Riesgo bajo"
"19","Cauca","2,022","7.2","Riesgo bajo","7.2","Riesgo bajo","7.5","Riesgo bajo"
"19","Cauca","2,023","3.9","Sin riesgo","4.0","Sin riesgo","3.6","Sin riesgo"
"20","Cesar","2,024","17.6","Riesgo medio","17.4","Riesgo medio","24.5","Riesgo medio"
"20","Cesar","2,007","31.9","Riesgo medio","31.9","Riesgo medio","ND","ND"
"20","Cesar","2,008","32","Riesgo medio","32.1","Riesgo medio","19.4","Riesgo medio"
"20","Cesar","2,009","22.4","Riesgo medio","22.4","Riesgo medio","45.6","Riesgo alto"
"20","Cesar","2,010","18.7","Riesgo medio","18.2","Riesgo medio","41.7","Riesgo alto"
"20","Cesar","2,011","17","Riesgo medio","15.5","Riesgo medio","47.8","Riesgo alto"
"20","Cesar","2,012","20.9","Riesgo medio","17.5","Riesgo medio","47.6","Riesgo alto"
"20","Cesar","2,013","11.5","Riesgo bajo","9.4","Riesgo bajo","22.2","Riesgo medio"
"20","Cesar","2,014","14","Riesgo bajo","11.3","Riesgo bajo","46.9","Riesgo alto"
"20","Cesar","2,015","13.1","Riesgo bajo","10.9","Riesgo bajo","43.2","Riesgo alto"
"20","Cesar","2,016","17","Riesgo medio","13.5","Riesgo bajo","27.3","Riesgo medio"
"20","Cesar","2,017","13.1","Riesgo bajo","11.9","Riesgo bajo","11.0","Riesgo bajo"
"20","Cesar","2,018","12.3","Riesgo bajo","12.1","Riesgo bajo","20.4","Riesgo medio"
"20","Cesar","2,019","11.9","Riesgo bajo","11.5","Riesgo bajo","29.7","Riesgo medio"
"20","Cesar","2,020","13.8","Riesgo bajo","13.6","Riesgo bajo","24.3","Riesgo medio"
"20","Cesar","2,021","13.5","Riesgo bajo","13.4","Riesgo bajo","17.0","Riesgo medio"
"20","Cesar","2,022","13.3","Riesgo bajo","12.2","Riesgo bajo","42.6","Riesgo alto"
"20","Cesar","2,023","14.6","Riesgo medio","14.5","Riesgo medio","25.5","Riesgo medio"
"23","Córdoba","2,024","15.8","Riesgo medio","15.7","Riesgo medio","21.7","Riesgo medio"
"23","Córdoba","2,007","41.1","Riesgo alto","41.4","Riesgo alto","24.7","Riesgo medio"
"23","Córdoba","2,008","14.7","Riesgo medio","14.6","Riesgo medio","16.0","Riesgo medio"
"23","Córdoba","2,009","15.3","Riesgo medio","15.6","Riesgo medio","9.4","Riesgo bajo"
"23","Córdoba","2,010","15.4","Riesgo medio","14.6","Riesgo medio","26.4","Riesgo medio"
"23","Córdoba","2,011","15.7","Riesgo medio","14.3","Riesgo medio","27.7","Riesgo medio"
"23","Córdoba","2,012","9.1","Riesgo bajo","9.5","Riesgo bajo","1.9","Sin riesgo"
"23","Córdoba","2,013","9.9","Riesgo bajo","9.5","Riesgo bajo","15.6","Riesgo medio"
"23","Córdoba","2,014","11.1","Riesgo bajo","11.0","Riesgo bajo","13.8","Riesgo bajo"
"23","Córdoba","2,015","9.9","Riesgo bajo","9.9","Riesgo bajo","10.7","Riesgo bajo"
"23","Córdoba","2,016","0","Sin riesgo","0.0","Sin riesgo","0.0","Sin riesgo"
"23","Córdoba","2,017","3.2","Sin riesgo","3.7","Sin riesgo","2.3","Sin riesgo"
"23","Córdoba","2,018","7.5","Riesgo bajo","11.3","Riesgo bajo","46.1","Riesgo alto"
"23","Córdoba","2,019","7.2","Riesgo bajo","9.2","Riesgo bajo","36.1","Riesgo alto"
"23","Córdoba","2,021","8","Riesgo bajo","7.5","Riesgo bajo","18.7","Riesgo medio"
"23","Córdoba","2,023","15.1","Riesgo medio","15.4","Riesgo medio","7.5","Riesgo bajo"
"25","Cundinamarca","2,024","5","Sin riesgo","4.3","Sin riesgo","7","Bajo riesgo"
"25","Cundinamarca","2,007","11.1","Riesgo bajo","10.2","Riesgo bajo","17.7","Riesgo medio"
"25","Cundinamarca","2,008","7.7","Riesgo bajo","7.5","Riesgo bajo","9.0","Riesgo bajo"
"25","Cundinamarca","2,009","8","Riesgo bajo","8.3","Riesgo bajo","10.1","Riesgo bajo"
"25","Cundinamarca","2,010","5.8","Riesgo bajo","5.7","Riesgo bajo","6.7","Riesgo bajo"
"25","Cundinamarca","2,011","7.1","Riesgo bajo","6.5","Riesgo bajo","8.0","Riesgo bajo"
"25","Cundinamarca","2,012","6.9","Riesgo bajo","5.6","Riesgo bajo","10.0","Riesgo bajo"
"25","Cundinamarca","2,013","7.7","Riesgo bajo","6.5","Riesgo bajo","10.3","Riesgo bajo"
"25","Cundinamarca","2,014","7.2","Riesgo bajo","6.0","Riesgo bajo","9.2","Riesgo bajo"
"25","Cundinamarca","2,015","7.1","Riesgo bajo","5.5","Riesgo bajo","10.7","Riesgo bajo"
"25","Cundinamarca","2,016","7.9","Riesgo bajo","6.3","Riesgo bajo","10.3","Riesgo bajo"
"25","Cundinamarca","2,017","8.7","Riesgo bajo","6.9","Riesgo bajo","11.0","Riesgo bajo"
"25","Cundinamarca","2,018","8","Riesgo bajo","6.1","Riesgo bajo","13.0","Riesgo bajo"
"25","Cundinamarca","2,019","6.8","Riesgo bajo","4.9","Sin riesgo","13.8","Riesgo bajo"
"25","Cundinamarca","2,020","5","Sin riesgo","3.6","Sin riesgo","8.5","Riesgo bajo"
"25","Cundinamarca","2,021","4.9","Sin riesgo","4.1","Sin riesgo","7.1","Riesgo bajo"
"25","Cundinamarca","2,022","5.1","Riesgo bajo","4.0","Sin riesgo","8.1","Riesgo bajo"
"25","Cundinamarca","2,023","4.5","Sin riesgo","3.5","Sin riesgo","7.1","Riesgo bajo"
"27","Chocó","2,024","44.8","Alto riesgo","44.8","Alto riesgo","ND","ND"
"27","Chocó","2,014","14.3","Riesgo medio","14.3","Riesgo medio","ND","ND"
"27","Chocó","2,015","31.7","Riesgo medio","31.7","Riesgo medio","ND","ND"
"27","Chocó","2,016","24.2","Riesgo medio","27.3","Riesgo medio","ND","ND"
"27","Chocó","2,017","25.1","Riesgo medio","4.1","Sin riesgo","ND","ND"
"27","Chocó","2,018","25.1","Riesgo medio","25.1","Riesgo medio","ND","ND"
"27","Chocó","2,019","27","Riesgo medio","27.0","Riesgo medio","ND","ND"
"27","Chocó","2,020","10.4","Riesgo bajo","10.4","Riesgo bajo","ND","ND"
"27","Chocó","2,021","10.8","Riesgo bajo","10.8","Riesgo bajo","ND","ND"
"27","Chocó","2,022","18.1","Riesgo medio","18.1","Riesgo medio","ND","ND"
"27","Chocó","2,023","0","Sin riesgo","0.0","Sin riesgo","ND","ND"
"41","Huila","2,024","3.9","Sin riesgo","3.6","Sin riesgo","8.5","Bajo riesgo"
"41","Huila","2,007","12.5","Riesgo bajo","11.1","Riesgo bajo","62.0","Riesgo alto"
"41","Huila","2,008","28","Riesgo medio","16.8","Riesgo medio","78.4","Riesgo alto"
"41","Huila","2,009","25","Riesgo medio","6.1","Riesgo bajo","70.8","Riesgo alto"
"41","Huila","2,010","25.4","Riesgo medio","5.3","Riesgo bajo","71.3","Riesgo alto"
"41","Huila","2,011","51.7","Riesgo alto","19.5","Riesgo medio","79.1","Riesgo alto"
"41","Huila","2,012","44.9","Riesgo alto","10.0","Riesgo bajo","60.9","Riesgo alto"
"41","Huila","2,013","60.8","Riesgo alto","14.8","Riesgo medio","76.8","Riesgo alto"
"41","Huila","2,014","49.3","Riesgo alto","10.3","Riesgo bajo","59.7","Riesgo alto"
"41","Huila","2,015","45.5","Riesgo alto","6.8","Riesgo bajo","55.3","Riesgo alto"
"41","Huila","2,016","48","Riesgo alto","4.3","Sin riesgo","60.8","Riesgo alto"
"41","Huila","2,017","49.2","Riesgo alto","3.6","Sin riesgo","67.3","Riesgo alto"
"41","Huila","2,018","47.4","Riesgo alto","5.2","Riesgo bajo","62.6","Riesgo alto"
"41","Huila","2,019","44.8","Riesgo alto","2.1","Sin riesgo","62.7","Riesgo alto"
"41","Huila","2,020","0.9","Sin riesgo","0.9","Sin riesgo","0.4","Sin riesgo"
"41","Huila","2,021","3.3","Sin riesgo","3.0","Sin riesgo","8.6","Riesgo bajo"
"41","Huila","2,022","10.5","Riesgo bajo","2.9","Sin riesgo","44.0","Riesgo alto"
"41","Huila","2,023","7.9","Riesgo bajo","2.8","Sin riesgo","36.5","Riesgo alto"
"44","La Guajira","2,024","10.9","Bajo riesgo","10","Bajo riesgo","31.9","Riesgo medio"
"44","La Guajira","2,007","21.5","Riesgo medio","22.6","Riesgo medio","ND","ND"
"44","La Guajira","2,008","31.8","Riesgo medio","33.1","Riesgo medio","ND","ND"
"44","La Guajira","2,009","15.3","Riesgo medio","20.5","Riesgo medio","11.1","Riesgo bajo"
"44","La Guajira","2,010","11.7","Riesgo bajo","15.8","Riesgo medio","6.2","Riesgo bajo"
"44","La Guajira","2,011","16.6","Riesgo medio","23.9","Riesgo medio","11.7","Riesgo bajo"
"44","La Guajira","2,012","19.1","Riesgo medio","23.4","Riesgo medio","58.2","Riesgo alto"
"44","La Guajira","2,013","17.3","Riesgo medio","13.9","Riesgo bajo","69.9","Riesgo alto"
"44","La Guajira","2,014","16.8","Riesgo medio","9.0","Riesgo bajo","ND","ND"
"44","La Guajira","2,015","18.2","Riesgo medio","9.4","Riesgo bajo","ND","ND"
"44","La Guajira","2,016","2.3","Sin riesgo","100.0","Inviable sanitariamente","ND","ND"
"44","La Guajira","2,018","11.6","Riesgo bajo","10.0","Riesgo bajo","63.5","Riesgo alto"
"44","La Guajira","2,019","20.1","Riesgo medio","17.4","Riesgo medio","55.2","Riesgo alto"
"44","La Guajira","2,020","14.4","Riesgo medio","13.5","Riesgo bajo","37.4","Riesgo alto"
"44","La Guajira","2,021","13","Riesgo bajo","11.9","Riesgo bajo","41.2","Riesgo alto"
"44","La Guajira","2,022","7.2","Riesgo bajo","6.6","Riesgo bajo","25.7","Riesgo medio"
"44","La Guajira","2,023","11","Riesgo bajo","10.7","Riesgo bajo","19.6","Riesgo medio"
"47","Magdalena","2,024","10.2","Bajo riesgo","10.7","Bajo riesgo","3.8","Sin riesgo"
"47","Magdalena","2,007","46.5","Riesgo alto","47.3","Riesgo alto","32.9","Riesgo medio"
"47","Magdalena","2,008","24.5","Riesgo medio","25.4","Riesgo medio","12.5","Riesgo bajo"
"47","Magdalena","2,009","33.4","Riesgo medio","33.1","Riesgo medio","46.2","Riesgo alto"
"47","Magdalena","2,010","23.2","Riesgo medio","22.7","Riesgo medio","44.9","Riesgo alto"
"47","Magdalena","2,011","33.1","Riesgo medio","32.2","Riesgo medio","58.0","Riesgo alto"
"47","Magdalena","2,012","35","Riesgo medio","34.1","Riesgo medio","56.8","Riesgo alto"
"47","Magdalena","2,013","36.6","Riesgo alto","33.3","Riesgo medio","61.9","Riesgo alto"
"47","Magdalena","2,014","35.8","Riesgo alto","31.7","Riesgo medio","62.1","Riesgo alto"
"47","Magdalena","2,015","28.6","Riesgo medio","25.0","Riesgo medio","49.6","Riesgo alto"
"47","Magdalena","2,016","31.2","Riesgo medio","27.6","Riesgo medio","54.2","Riesgo alto"
"47","Magdalena","2,017","22.2","Riesgo medio","23.0","Riesgo medio","40.5","Riesgo alto"
"47","Magdalena","2,018","21","Riesgo medio","20.9","Riesgo medio","25.2","Riesgo medio"
"47","Magdalena","2,019","18.3","Riesgo medio","20.9","Riesgo medio","27.5","Riesgo medio"
"47","Magdalena","2,020","18.4","Riesgo medio","18.5","Riesgo medio","16.7","Riesgo medio"
"47","Magdalena","2,021","12.4","Riesgo bajo","12.9","Riesgo bajo","8.6","Riesgo bajo"
"47","Magdalena","2,022","15.1","Riesgo medio","15.3","Riesgo medio","13.4","Riesgo bajo"
"47","Magdalena","2,023","12.7","Riesgo bajo","12.8","Riesgo bajo","11.9","Riesgo bajo"
"50","Meta","2,024","11.3","Bajo riesgo","11.3","Bajo riesgo","10.5","Bajo riesgo"
"50","Meta","2,007","38","Riesgo alto","35.6","Riesgo alto","61.9","Riesgo alto"
"50","Meta","2,008","39","Riesgo alto","39.6","Riesgo alto","27.6","Riesgo medio"
"50","Meta","2,009","27.1","Riesgo medio","27.3","Riesgo medio","33.9","Riesgo medio"
"50","Meta","2,010","35.1","Riesgo alto","35.6","Riesgo alto","54.6","Riesgo alto"
"50","Meta","2,011","24","Riesgo medio","21.8","Riesgo medio","56.9","Riesgo alto"
"50","Meta","2,012","23.9","Riesgo medio","20.1","Riesgo medio","67.2","Riesgo alto"
"50","Meta","2,013","17.8","Riesgo medio","15.8","Riesgo medio","63.9","Riesgo alto"
"50","Meta","2,014","33.2","Riesgo medio","25.0","Riesgo medio","61.2","Riesgo alto"
"50","Meta","2,015","31.9","Riesgo medio","27.6","Riesgo medio","60.2","Riesgo alto"
"50","Meta","2,016","33","Riesgo medio","22.9","Riesgo medio","57.2","Riesgo alto"
"50","Meta","2,017","31.7","Riesgo medio","30.6","Riesgo medio","72.6","Riesgo alto"
"50","Meta","2,018","18.8","Riesgo medio","18.2","Riesgo medio","34.4","Riesgo medio"
"50","Meta","2,019","22.5","Riesgo medio","13.5","Riesgo bajo","77.1","Riesgo alto"
"50","Meta","2,020","10.5","Riesgo bajo","10.6","Riesgo bajo","9.9","Riesgo bajo"
"50","Meta","2,021","8.9","Riesgo bajo","9.5","Riesgo bajo","0.2","Sin riesgo"
"50","Meta","2,022","9.6","Riesgo bajo","9.1","Riesgo bajo","18.8","Riesgo medio"
"50","Meta","2,023","8.4","Riesgo bajo","7.9","Riesgo bajo","17.3","Riesgo medio"
"52","Nariño","2,024","19.5","Riesgo medio","8.7","Bajo riesgo","46.7","Alto riesgo"
"52","Nariño","2,007","36.6","Riesgo alto","35.3","Riesgo alto","41.7","Riesgo alto"
"52","Nariño","2,008","35.6","Riesgo alto","32.6","Riesgo medio","43.8","Riesgo alto"
"52","Nariño","2,009","36.8","Riesgo alto","18.0","Riesgo medio","42.7","Riesgo alto"
"52","Nariño","2,010","37.1","Riesgo alto","29.9","Riesgo medio","43.4","Riesgo alto"
"52","Nariño","2,011","42","Riesgo alto","32.1","Riesgo medio","47.7","Riesgo alto"
"52","Nariño","2,012","44","Riesgo alto","28.1","Riesgo medio","48.5","Riesgo alto"
"52","Nariño","2,013","45.6","Riesgo alto","24.9","Riesgo medio","51.0","Riesgo alto"
"52","Nariño","2,014","49.7","Riesgo alto","30.3","Riesgo medio","53.1","Riesgo alto"
"52","Nariño","2,015","50.3","Riesgo alto","25.9","Riesgo medio","57.5","Riesgo alto"
"52","Nariño","2,016","47.3","Riesgo alto","50.4","Riesgo alto","49.2","Riesgo alto"
"52","Nariño","2,017","48.3","Riesgo alto","14.3","Riesgo medio","51.5","Riesgo alto"
"52","Nariño","2,018","44","Riesgo alto","20.4","Riesgo medio","51.7","Riesgo alto"
"52","Nariño","2,019","44.2","Riesgo alto","18.6","Riesgo medio","52.0","Riesgo alto"
"52","Nariño","2,020","18.2","Riesgo medio","14.9","Riesgo medio","32.0","Riesgo medio"
"52","Nariño","2,021","27.6","Riesgo medio","16.0","Riesgo medio","51.3","Riesgo alto"
"52","Nariño","2,022","27.5","Riesgo medio","13.5","Riesgo bajo","56.2","Riesgo alto"
"52","Nariño","2,023","28.7","Riesgo medio","14.3","Riesgo medio","54.6","Riesgo alto"
"54","Norte de Santander","2,024","3.2","Sin riesgo","2.8","Sin riesgo","22.5","Riesgo medio"
"54","Norte de Santander","2,007","14.4","Riesgo medio","14.8","Riesgo medio","0.0","Sin riesgo"
"54","Norte de Santander","2,008","17.1","Riesgo medio","17.1","Riesgo medio","22.6","Riesgo medio"
"54","Norte de Santander","2,009","11.9","Riesgo bajo","11.9","Riesgo bajo","9.9","Riesgo bajo"
"54","Norte de Santander","2,010","7.3","Riesgo bajo","7.5","Riesgo bajo","2.0","Sin riesgo"
"54","Norte de Santander","2,011","16.3","Riesgo medio","13.8","Riesgo bajo","43.8","Riesgo alto"
"54","Norte de Santander","2,012","23.4","Riesgo medio","14.0","Riesgo bajo","58.8","Riesgo alto"
"54","Norte de Santander","2,013","23.1","Riesgo medio","9.8","Riesgo bajo","62.1","Riesgo alto"
"54","Norte de Santander","2,014","12.6","Riesgo bajo","6.5","Riesgo bajo","50.4","Riesgo alto"
"54","Norte de Santander","2,015","17.3","Riesgo medio","6.4","Riesgo bajo","57.4","Riesgo alto"
"54","Norte de Santander","2,016","18","Riesgo medio","7.5","Riesgo bajo","39.8","Riesgo alto"
"54","Norte de Santander","2,017","21","Riesgo medio","9.5","Riesgo bajo","47.0","Riesgo alto"
"54","Norte de Santander","2,018","14.9","Riesgo medio","4.8","Sin riesgo","63.6","Riesgo alto"
"54","Norte de Santander","2,019","10.9","Riesgo bajo","4.0","Sin riesgo","45.0","Riesgo alto"
"54","Norte de Santander","2,020","4.4","Sin riesgo","3.1","Sin riesgo","27.2","Riesgo medio"
"54","Norte de Santander","2,021","3.9","Sin riesgo","3.0","Sin riesgo","25.2","Riesgo medio"
"54","Norte de Santander","2,022","3.5","Sin riesgo","2.5","Sin riesgo","25.2","Riesgo medio"
"54","Norte de Santander","2,023","2.1","Sin riesgo","1.6","Sin riesgo","20.7","Riesgo medio"
"63","Quindío","2,024","0.3","Sin riesgo","0.2","Sin riesgo","1.1","Sin riesgo"
"63","Quindío","2,007","14.1","Riesgo medio","10.0","Riesgo bajo","53.4","Riesgo alto"
"63","Quindío","2,008","0.3","Sin riesgo","0.3","Sin riesgo","0.0","Sin riesgo"
"63","Quindío","2,009","0.1","Sin riesgo","0.2","Sin riesgo","0.0","Sin riesgo"
"63","Quindío","2,010","3.8","Sin riesgo","1.0","Sin riesgo","27.9","Riesgo medio"
"63","Quindío","2,011","2.8","Sin riesgo","2.5","Sin riesgo","5.4","Riesgo bajo"
"63","Quindío","2,012","1.7","Sin riesgo","1.1","Sin riesgo","7.9","Riesgo bajo"
"63","Quindío","2,013","1.1","Sin riesgo","1.1","Sin riesgo","0.9","Sin riesgo"
"63","Quindío","2,014","1.8","Sin riesgo","1.9","Sin riesgo","1.0","Sin riesgo"
"63","Quindío","2,015","4.4","Sin riesgo","3.1","Sin riesgo","8.1","Riesgo bajo"
"63","Quindío","2,016","2.3","Sin riesgo","1.6","Sin riesgo","5.7","Riesgo bajo"
"63","Quindío","2,017","4.6","Sin riesgo","3.0","Sin riesgo","8.9","Riesgo bajo"
"63","Quindío","2,018","3","Sin riesgo","2.7","Sin riesgo","4.8","Sin riesgo"
"63","Quindío","2,019","3.1","Sin riesgo","2.7","Sin riesgo","3.1","Sin riesgo"
"63","Quindío","2,020","3.2","Sin riesgo","3.3","Sin riesgo","1.6","Sin riesgo"
"63","Quindío","2,021","1.9","Sin riesgo","2.0","Sin riesgo","0.8","Sin riesgo"
"63","Quindío","2,022","2.1","Sin riesgo","2.0","Sin riesgo","2.5","Sin riesgo"
"63","Quindío","2,023","1.8","Sin riesgo","1.6","Sin riesgo","4.0","Sin riesgo"
"66","Risaralda","2,024","5.9","Bajo riesgo","1.5","Sin riesgo","33","Riesgo medio"
"66","Risaralda","2,007","29.4","Riesgo medio","27.7","Riesgo medio","40.5","Riesgo alto"
"66","Risaralda","2,008","25.7","Riesgo medio","22.7","Riesgo medio","40.1","Riesgo alto"
"66","Risaralda","2,009","26.3","Riesgo medio","9.9","Riesgo bajo","42.5","Riesgo alto"
"66","Risaralda","2,010","25.4","Riesgo medio","8.1","Riesgo bajo","45.8","Riesgo alto"
"66","Risaralda","2,011","19.3","Riesgo medio","5.3","Riesgo bajo","41.3","Riesgo alto"
"66","Risaralda","2,012","16.1","Riesgo medio","6.9","Riesgo bajo","39.3","Riesgo alto"
"66","Risaralda","2,013","18","Riesgo medio","3.9","Sin riesgo","45.2","Riesgo alto"
"66","Risaralda","2,014","15","Riesgo medio","2.5","Sin riesgo","41.9","Riesgo alto"
"66","Risaralda","2,015","13.3","Riesgo bajo","3.2","Sin riesgo","38.5","Riesgo alto"
"66","Risaralda","2,016","16.3","Riesgo medio","3.7","Sin riesgo","34.3","Riesgo medio"
"66","Risaralda","2,017","10.4","Riesgo bajo","0.6","Sin riesgo","28.6","Riesgo medio"
"66","Risaralda","2,018","17.4","Riesgo medio","1.1","Sin riesgo","54.0","Riesgo alto"
"66","Risaralda","2,019","10.2","Riesgo bajo","1.4","Sin riesgo","39.9","Riesgo alto"
"66","Risaralda","2,020","3.6","Sin riesgo","1.8","Sin riesgo","13.6","Riesgo bajo"
"66","Risaralda","2,021","4.8","Sin riesgo","1.1","Sin riesgo","22.6","Riesgo medio"
"66","Risaralda","2,022","4.8","Sin riesgo","1.2","Sin riesgo","25.2","Riesgo medio"
"66","Risaralda","2,023","6.2","Riesgo bajo","1.8","Sin riesgo","27.1","Riesgo medio"
"68","Santander","2,024","8.2","Bajo riesgo","6.8","Bajo riesgo","24.1","Riesgo medio"
"68","Santander","2,007","20.7","Riesgo medio","18.8","Riesgo medio","42.0","Riesgo alto"
"68","Santander","2,008","19.4","Riesgo medio","17.1","Riesgo medio","41.7","Riesgo alto"
"68","Santander","2,009","18","Riesgo medio","13.0","Riesgo bajo","29.7","Riesgo medio"
"68","Santander","2,010","18.5","Riesgo medio","14.9","Riesgo medio","36.5","Riesgo alto"
"68","Santander","2,011","16.2","Riesgo medio","13.7","Riesgo bajo","33.9","Riesgo medio"
"68","Santander","2,012","11.5","Riesgo bajo","10.7","Riesgo bajo","18.2","Riesgo medio"
"68","Santander","2,013","7.8","Riesgo bajo","6.6","Riesgo bajo","20.1","Riesgo medio"
"68","Santander","2,014","9.9","Riesgo bajo","9.1","Riesgo bajo","20.5","Riesgo medio"
"68","Santander","2,015","9.5","Riesgo bajo","8.9","Riesgo bajo","12.1","Riesgo bajo"
"68","Santander","2,016","12.8","Riesgo bajo","13.1","Riesgo bajo","13.6","Riesgo bajo"
"68","Santander","2,017","9.5","Riesgo bajo","8.2","Riesgo bajo","19.0","Riesgo medio"
"68","Santander","2,018","6.7","Riesgo bajo","6.6","Riesgo bajo","8.1","Riesgo bajo"
"68","Santander","2,019","7.7","Riesgo bajo","4.5","Sin riesgo","9.4","Riesgo bajo"
"68","Santander","2,020","7","Riesgo bajo","4.1","Sin riesgo","8.2","Riesgo bajo"
"68","Santander","2,021","6.2","Riesgo bajo","6.4","Riesgo bajo","4.7","Sin riesgo"
"68","Santander","2,022","6.8","Riesgo bajo","6.0","Riesgo bajo","14.6","Riesgo medio"
"68","Santander","2,023","8","Riesgo bajo","6.5","Riesgo bajo","30.3","Riesgo medio"
"70","Sucre","2,024","15.8","Riesgo medio","15.9","Riesgo medio","5.4","Bajo riesgo"
"70","Sucre","2,007","23.6","Riesgo medio","23.8","Riesgo medio","12.9","Riesgo bajo"
"70","Sucre","2,008","22","Riesgo medio","21.8","Riesgo medio","35.1","Riesgo alto"
"70","Sucre","2,009","20.6","Riesgo medio","19.7","Riesgo medio","34.1","Riesgo medio"
"70","Sucre","2,010","21.6","Riesgo medio","21.5","Riesgo medio","23.9","Riesgo medio"
"70","Sucre","2,011","22","Riesgo medio","21.3","Riesgo medio","32.1","Riesgo medio"
"70","Sucre","2,012","16.1","Riesgo medio","15.8","Riesgo medio","20.5","Riesgo medio"
"70","Sucre","2,013","12.1","Riesgo bajo","11.1","Riesgo bajo","55.1","Riesgo alto"
"70","Sucre","2,014","15.2","Riesgo medio","11.5","Riesgo bajo","63.0","Riesgo alto"
"70","Sucre","2,015","15.3","Riesgo medio","14.0","Riesgo bajo","42.9","Riesgo alto"
"70","Sucre","2,016","21.1","Riesgo medio","18.4","Riesgo medio","26.6","Riesgo medio"
"70","Sucre","2,017","20.9","Riesgo medio","20.3","Riesgo medio","23.3","Riesgo medio"
"70","Sucre","2,018","12.7","Riesgo bajo","12.5","Riesgo bajo","19.5","Riesgo medio"
"70","Sucre","2,019","21.2","Riesgo medio","7.5","Riesgo bajo","ND","ND"
"70","Sucre","2,020","18.9","Riesgo medio","18.9","Riesgo medio","ND","ND"
"70","Sucre","2,021","16.5","Riesgo medio","16.4","Riesgo medio","100.0","Inviable sanitariamente"
"70","Sucre","2,022","17.5","Riesgo medio","17.6","Riesgo medio","0.0","Sin riesgo"
"70","Sucre","2,023","15.6","Riesgo medio","15.5","Riesgo medio","68.8","Riesgo alto"
"73","Tolima","2,024","15.8","Riesgo medio","15.4","Riesgo medio","41.2","Alto riesgo"
"73","Tolima","2,007","33.9","Riesgo medio","52.5","Riesgo alto","11.3","Riesgo bajo"
"73","Tolima","2,008","32.9","Riesgo medio","59.6","Riesgo alto","32.3","Riesgo medio"
"73","Tolima","2,009","33.1","Riesgo medio","32.4","Riesgo medio","58.4","Riesgo alto"
"73","Tolima","2,010","30.3","Riesgo medio","46.9","Riesgo alto","61.0","Riesgo alto"
"73","Tolima","2,011","24.1","Riesgo medio","39.1","Riesgo alto","39.6","Riesgo alto"
"73","Tolima","2,012","33.3","Riesgo medio","39.7","Riesgo alto","68.7","Riesgo alto"
"73","Tolima","2,013","27.4","Riesgo medio","40.7","Riesgo alto","70.5","Riesgo alto"
"73","Tolima","2,014","31.6","Riesgo medio","39.8","Riesgo alto","65.7","Riesgo alto"
"73","Tolima","2,015","42.5","Riesgo alto","46.1","Riesgo alto","69.6","Riesgo alto"
"73","Tolima","2,016","28.9","Riesgo medio","33.7","Riesgo medio","70.4","Riesgo alto"
"73","Tolima","2,017","26.6","Riesgo medio","45.9","Riesgo alto","72.9","Riesgo alto"
"73","Tolima","2,018","26.1","Riesgo medio","22.5","Riesgo medio","72.4","Riesgo alto"
"73","Tolima","2,019","26","Riesgo medio","22.4","Riesgo medio","62.5","Riesgo alto"
"73","Tolima","2,020","22.4","Riesgo medio","22.2","Riesgo medio","27.3","Riesgo medio"
"73","Tolima","2,021","16.4","Riesgo medio","16.0","Riesgo medio","33.5","Riesgo medio"
"73","Tolima","2,022","16.3","Riesgo medio","15.9","Riesgo medio","46.1","Riesgo alto"
"73","Tolima","2,023","11","Riesgo bajo","11.0","Riesgo bajo","20.1","Riesgo medio"
"76","Valle del Cauca","2,024","3.9","Sin riesgo","0.4","Sin riesgo","12.5","Bajo riesgo"
"76","Valle del Cauca","2,007","17.7","Riesgo medio","7.5","Riesgo bajo","49.0","Riesgo alto"
"76","Valle del Cauca","2,008","17.9","Riesgo medio","12.9","Riesgo bajo","50.4","Riesgo alto"
"76","Valle del Cauca","2,009","20.7","Riesgo medio","3.8","Sin riesgo","44.5","Riesgo alto"
"76","Valle del Cauca","2,010","15.7","Riesgo medio","4.5","Sin riesgo","40.1","Riesgo alto"
"76","Valle del Cauca","2,011","18","Riesgo medio","6.9","Riesgo bajo","39.0","Riesgo alto"
"76","Valle del Cauca","2,012","16.1","Riesgo medio","4.9","Sin riesgo","41.8","Riesgo alto"
"76","Valle del Cauca","2,013","14.2","Riesgo medio","3.8","Sin riesgo","38.4","Riesgo alto"
"76","Valle del Cauca","2,014","12.4","Riesgo bajo","2.5","Sin riesgo","37.5","Riesgo alto"
"76","Valle del Cauca","2,015","14.8","Riesgo medio","3.2","Sin riesgo","31.7","Riesgo medio"
"76","Valle del Cauca","2,016","16.7","Riesgo medio","2.6","Sin riesgo","30.1","Riesgo medio"
"76","Valle del Cauca","2,017","17","Riesgo medio","3.1","Sin riesgo","25.9","Riesgo medio"
"76","Valle del Cauca","2,018","19.9","Riesgo medio","3.2","Sin riesgo","37.6","Riesgo alto"
"76","Valle del Cauca","2,019","20.2","Riesgo medio","2.6","Sin riesgo","33.8","Riesgo medio"
"76","Valle del Cauca","2,020","7.8","Riesgo bajo","0.5","Sin riesgo","17.1","Riesgo medio"
"76","Valle del Cauca","2,021","7.7","Riesgo bajo","0.4","Sin riesgo","21.2","Riesgo medio"
"76","Valle del Cauca","2,022","3.1","Sin riesgo","0.7","Sin riesgo","9.2","Riesgo bajo"
"76","Valle del Cauca","2,023","2.9","Sin riesgo","0.7","Sin riesgo","8.6","Riesgo bajo"
"81","Arauca","2,024","5.7","Bajo riesgo","0.8","Sin riesgo","34.2","Riesgo medio"
"81","Arauca","2,007","17","Riesgo medio","15.5","Riesgo medio","42.8","Riesgo alto"
"81","Arauca","2,008","13.3","Riesgo bajo","12.6","Riesgo bajo","47.2","Riesgo alto"
"81","Arauca","2,009","1.7","Sin riesgo","1.7","Sin riesgo","ND","ND"
"81","Arauca","2,010","2.4","Sin riesgo","2.4","Sin riesgo","ND","ND"
"81","Arauca","2,011","1.9","Sin riesgo","1.9","Sin riesgo","ND","ND"
"81","Arauca","2,012","1.8","Sin riesgo","1.8","Sin riesgo","ND","ND"
"81","Arauca","2,013","1.5","Sin riesgo","1.5","Sin riesgo","0.0","Sin riesgo"
"81","Arauca","2,014","1.2","Sin riesgo","1.2","Sin riesgo","4.8","Sin riesgo"
"81","Arauca","2,015","2.2","Sin riesgo","2.2","Sin riesgo","ND","ND"
"81","Arauca","2,016","1.3","Sin riesgo","1.3","Sin riesgo","0.0","Sin riesgo"
"81","Arauca","2,017","1.3","Sin riesgo","1.3","Sin riesgo","ND","ND"
"81","Arauca","2,018","1.7","Sin riesgo","1.8","Sin riesgo","0.0","Sin riesgo"
"81","Arauca","2,019","1.7","Sin riesgo","1.8","Sin riesgo","ND","ND"
"81","Arauca","2,020","2.1","Sin riesgo","2.2","Sin riesgo","0.1","Sin riesgo"
"81","Arauca","2,021","7.5","Riesgo bajo","3.6","Sin riesgo","31.0","Riesgo medio"
"81","Arauca","2,022","6.7","Riesgo bajo","3.4","Sin riesgo","33.6","Riesgo medio"
"81","Arauca","2,023","4.7","Sin riesgo","4.3","Sin riesgo","14.2","Riesgo medio"
"85","Casanare","2,024","2.9","Sin riesgo","2.9","Sin riesgo","4","Sin riesgo"
"85","Casanare","2,007","37.2","Riesgo alto","37.2","Riesgo alto","ND","ND"
"85","Casanare","2,008","22.7","Riesgo medio","23.7","Riesgo medio","15.2","Riesgo medio"
"85","Casanare","2,009","36.1","Riesgo alto","24.9","Riesgo medio","51.8","Riesgo alto"
"85","Casanare","2,010","35.8","Riesgo alto","27.9","Riesgo medio","61.1","Riesgo alto"
"85","Casanare","2,011","24.9","Riesgo medio","23.0","Riesgo medio","52.8","Riesgo alto"
"85","Casanare","2,012","40","Riesgo alto","24.3","Riesgo medio","62.8","Riesgo alto"
"85","Casanare","2,013","20.4","Riesgo medio","11.5","Riesgo bajo","45.3","Riesgo alto"
"85","Casanare","2,014","21.8","Riesgo medio","7.0","Riesgo bajo","60.5","Riesgo alto"
"85","Casanare","2,015","19.3","Riesgo medio","6.5","Riesgo bajo","40.8","Riesgo alto"
"85","Casanare","2,016","6.8","Riesgo bajo","5.5","Riesgo bajo","6.3","Riesgo bajo"
"85","Casanare","2,017","8.6","Riesgo bajo","3.9","Sin riesgo","3.2","Sin riesgo"
"85","Casanare","2,018","9.9","Riesgo bajo","7.1","Riesgo bajo","16.1","Riesgo medio"
"85","Casanare","2,019","9.1","Riesgo bajo","1.8","Sin riesgo","10.2","Riesgo bajo"
"85","Casanare","2,020","4.6","Sin riesgo","3.5","Sin riesgo","31.6","Riesgo medio"
"85","Casanare","2,021","3.8","Sin riesgo","3.5","Sin riesgo","7.1","Riesgo bajo"
"85","Casanare","2,022","3.1","Sin riesgo","3.1","Sin riesgo","3.5","Sin riesgo"
"85","Casanare","2,023","4.3","Sin riesgo","3.1","Sin riesgo","13.4","Riesgo bajo"
"86","Putumayo","2,024","11.6","Bajo riesgo","11.5","Bajo riesgo","20.7","Riesgo medio"
"86","Putumayo","2,007","47.6","Riesgo alto","39.9","Riesgo alto","55.6","Riesgo alto"
"86","Putumayo","2,008","41.7","Riesgo alto","34.5","Riesgo medio","59.9","Riesgo alto"
"86","Putumayo","2,009","49.8","Riesgo alto","46.0","Riesgo alto","57.7","Riesgo alto"
"86","Putumayo","2,010","49.2","Riesgo alto","47.0","Riesgo alto","59.9","Riesgo alto"
"86","Putumayo","2,011","60.6","Riesgo alto","63.2","Riesgo alto","73.5","Riesgo alto"
"86","Putumayo","2,012","63.4","Riesgo alto","55.5","Riesgo alto","79.8","Riesgo alto"
"86","Putumayo","2,013","63.6","Riesgo alto","56.1","Riesgo alto","80.5","Inviable sanitariamente"
"86","Putumayo","2,014","56.7","Riesgo alto","53.9","Riesgo alto","73.6","Riesgo alto"
"86","Putumayo","2,015","50.5","Riesgo alto","33.0","Riesgo medio","73.5","Riesgo alto"
"86","Putumayo","2,016","35.2","Riesgo alto","0.0","Sin riesgo","76.9","Riesgo alto"
"86","Putumayo","2,017","36.3","Riesgo alto","34.2","Riesgo medio","75.5","Riesgo alto"
"86","Putumayo","2,018","25.4","Riesgo medio","22.4","Riesgo medio","73.7","Riesgo alto"
"86","Putumayo","2,019","26.2","Riesgo medio","ND","ND","78.7","Riesgo alto"
"86","Putumayo","2,020","19.4","Riesgo medio","20.3","Riesgo medio","14.9","Riesgo medio"
"86","Putumayo","2,021","15.1","Riesgo medio","13.9","Riesgo bajo","21.5","Riesgo medio"
"86","Putumayo","2,022","19","Riesgo medio","18.3","Riesgo medio","24.3","Riesgo medio"
"86","Putumayo","2,023","15","Riesgo medio","14.9","Riesgo medio","15.3","Riesgo medio"
"88","Archipiélago de San Andrés, Providencia Y Santa Catalina","2,024","3.6","Sin riesgo","0.5","Sin riesgo","8.5","Bajo riesgo"
"88","Archipiélago de San Andrés, Providencia y Santa Catalina","2,007","11.4","Riesgo bajo","11.9","Riesgo bajo","0.0","Sin riesgo"
"88","Archipiélago de San Andrés, Providencia y Santa Catalina","2,008","5.6","Riesgo bajo","5.7","Riesgo bajo","0.0","Sin riesgo"
"88","Archipiélago de San Andrés, Providencia y Santa Catalina","2,009","6.4","Riesgo bajo","2.7","Sin riesgo","39.4","Riesgo alto"
"88","Archipiélago de San Andrés, Providencia y Santa Catalina","2,010","4.7","Sin riesgo","5.1","Riesgo bajo","3.3","Sin riesgo"
"88","Archipiélago de San Andrés, Providencia y Santa Catalina","2,011","2.9","Sin riesgo","3.4","Sin riesgo","0.1","Sin riesgo"
"88","Archipiélago de San Andrés, Providencia y Santa Catalina","2,012","6.3","Riesgo bajo","4.6","Sin riesgo","10.0","Riesgo bajo"
"88","Archipiélago de San Andrés, Providencia y Santa Catalina","2,013","3.7","Sin riesgo","1.3","Sin riesgo","8.7","Riesgo bajo"
"88","Archipiélago de San Andrés, Providencia y Santa Catalina","2,014","4.2","Sin riesgo","2.8","Sin riesgo","7.1","Riesgo bajo"
"88","Archipiélago de San Andrés, Providencia y Santa Catalina","2,015","2.1","Sin riesgo","0.1","Sin riesgo","6.0","Riesgo bajo"
"88","Archipiélago de San Andrés, Providencia y Santa Catalina","2,016","14.5","Riesgo medio","0.7","Sin riesgo","3.3","Sin riesgo"
"88","Archipiélago de San Andrés, Providencia y Santa Catalina","2,017","32.6","Riesgo medio","1.1","Sin riesgo","4.8","Sin riesgo"
"88","Archipiélago de San Andrés, Providencia y Santa Catalina","2,018","27.1","Riesgo medio","24.0","Riesgo medio","30.7","Riesgo medio"
"88","Archipiélago de San Andrés, Providencia y Santa Catalina","2,019","7.6","Riesgo bajo","3.7","Sin riesgo","9.2","Riesgo bajo"
"88","Archipiélago de San Andrés, Providencia y Santa Catalina","2,020","5.4","Riesgo bajo","2.3","Sin riesgo","10.2","Riesgo bajo"
"88","Archipiélago de San Andrés, Providencia y Santa Catalina","2,021","2.7","Sin riesgo","1.3","Sin riesgo","4.7","Sin riesgo"
"88","Archipiélago de San Andrés, Providencia y Santa Catalina","2,022","2.7","Sin riesgo","1.6","Sin riesgo","4.4","Sin riesgo"
"88","Archipiélago de San Andrés, Providencia y Santa Catalina","2,023","1.8","Sin riesgo","0.8","Sin riesgo","7.4","Riesgo bajo"
"91","Amazonas","2,024","7.2","Bajo riesgo","7.6","Bajo riesgo","2.4","Sin riesgo"
"91","Amazonas","2,007","25.5","Riesgo medio","25.5","Riesgo medio","ND","ND"
"91","Amazonas","2,008","25.4","Riesgo medio","25.6","Riesgo medio","0.0","Sin riesgo"
"91","Amazonas","2,009","24.2","Riesgo medio","24.2","Riesgo medio","ND","ND"
"91","Amazonas","2,010","30.2","Riesgo medio","30.2","Riesgo medio","ND","ND"
"91","Amazonas","2,011","19.9","Riesgo medio","20.0","Riesgo medio","9.4","Riesgo bajo"
"91","Amazonas","2,012","29.5","Riesgo medio","29.5","Riesgo medio","ND","ND"
"91","Amazonas","2,013","41.1","Riesgo alto","41.1","Riesgo alto","ND","ND"
"91","Amazonas","2,016","11.5","Riesgo bajo","ND","ND","ND","ND"
"91","Amazonas","2,017","24.4","Riesgo medio","ND","ND","ND","ND"
"91","Amazonas","2,018","21.7","Riesgo medio","21.7","Riesgo medio","ND","ND"
"91","Amazonas","2,019","16.7","Riesgo medio","16.2","Riesgo medio","26.1","Riesgo medio"
"91","Amazonas","2,020","16.8","Riesgo medio","16.8","Riesgo medio","ND","ND"
"91","Amazonas","2,021","19.7","Riesgo medio","19.7","Riesgo medio","ND","ND"
"91","Amazonas","2,022","16.5","Riesgo medio","16.5","Riesgo medio","ND","ND"
"91","Amazonas","2,023","25.5","Riesgo medio","25.5","Riesgo medio","ND","ND"
"94","Guainía","2,024","32.8","Riesgo medio","32.8","Riesgo medio","ND","ND"
"94","Guainía","2,007","52.2","Riesgo alto","52.2","Riesgo alto","ND","ND"
"94","Guainía","2,008","44.8","Riesgo alto","44.7","Riesgo alto","44.4","Riesgo alto"
"94","Guainía","2,009","53.1","Riesgo alto","52.3","Riesgo alto","61.8","Riesgo alto"
"94","Guainía","2,010","70.7","Riesgo alto","71.1","Riesgo alto","54.5","Riesgo alto"
"94","Guainía","2,013","29","Riesgo medio","65.5","Riesgo alto","100.0","Inviable sanitariamente"
"94","Guainía","2,014","28.9","Riesgo medio","69.2","Riesgo alto","82.2","Inviable sanitariamente"
"94","Guainía","2,015","16.6","Riesgo medio","17.1","Riesgo medio","3.5","Sin riesgo"
"94","Guainía","2,016","10","Riesgo bajo","3.5","Sin riesgo","ND","ND"
"94","Guainía","2,017","14.8","Riesgo medio","19.8","Riesgo medio","60.0","Riesgo alto"
"94","Guainía","2,018","32.8","Riesgo medio","30.9","Riesgo medio","64.1","Riesgo alto"
"94","Guainía","2,019","21.6","Riesgo medio","21.6","Riesgo medio","ND","ND"
"94","Guainía","2,020","27.3","Riesgo medio","27.3","Riesgo medio","ND","ND"
"94","Guainía","2,021","49.9","Riesgo alto","49.9","Riesgo alto","ND","ND"
"94","Guainía","2,022","37.3","Riesgo alto","37.3","Riesgo alto","ND","ND"
"95","Guaviare","2,024","8.2","Bajo riesgo","7.9","Bajo riesgo","12.9","Bajo riesgo"
"95","Guaviare","2,007","100","Inviable sanitariamente","100.0","Inviable sanitariamente","100.0","Inviable sanitariamente"
"95","Guaviare","2,008","68.9","Riesgo alto","68.9","Riesgo alto","ND","ND"
"95","Guaviare","2,009","50.9","Riesgo alto","46.9","Riesgo alto","64.7","Riesgo alto"
"95","Guaviare","2,010","36.8","Riesgo alto","35.2","Riesgo alto","90.1","Inviable sanitariamente"
"95","Guaviare","2,011","0","Sin riesgo","0.0","Sin riesgo","ND","ND"
"95","Guaviare","2,016","0","Sin riesgo","ND","ND","ND","ND"
"95","Guaviare","2,017","2.5","Sin riesgo","0.0","Sin riesgo","ND","ND"
"95","Guaviare","2,018","7.9","Riesgo bajo","5.7","Riesgo bajo","18.2","Riesgo medio"
"95","Guaviare","2,019","10","Riesgo bajo","7.4","Riesgo bajo","26.0","Riesgo medio"
"95","Guaviare","2,020","7.5","Riesgo bajo","6.1","Riesgo bajo","13.2","Riesgo bajo"
"95","Guaviare","2,021","8.9","Riesgo bajo","7.9","Riesgo bajo","16.7","Riesgo medio"
"95","Guaviare","2,022","7","Riesgo bajo","6.9","Riesgo bajo","8.4","Riesgo bajo"
"95","Guaviare","2,023","6.9","Riesgo bajo","7.1","Riesgo bajo","3.2","Sin riesgo"
"97","Vaupés","2,007","100","Inviable sanitariamente","100.0","Inviable sanitariamente","ND","ND"
"97","Vaupés","2,008","91.4","Inviable sanitariamente","90.8","Inviable sanitariamente","100.0","Inviable sanitariamente"
"97","Vaupés","2,010","57","Riesgo alto","57.0","Riesgo alto","ND","ND"
"97","Vaupés","2,011","85","Inviable sanitariamente","85.0","Inviable sanitariamente","ND","ND"
"97","Vaupés","2,012","84.8","Inviable sanitariamente","84.8","Inviable sanitariamente","ND","ND"
"97","Vaupés","2,015","18.5","Riesgo medio","18.5","Riesgo medio","ND","ND"
"97","Vaupés","2,016","16.9","Riesgo medio","16.9","Riesgo medio","ND","ND"
"97","Vaupés","2,017","47.5","Riesgo alto","47.5","Riesgo alto","ND","ND"
"97","Vaupés","2,018","36.6","Riesgo alto","36.6","Riesgo alto","ND","ND"
"97","Vaupés","2,019","0","Sin riesgo","0.0","Sin riesgo","ND","ND"
"97","Vaupés","2,020","28.8","Riesgo medio","28.8","Riesgo medio","ND","ND"
"97","Vaupés","2,021","39.1","Riesgo alto","39.1","Riesgo alto","ND","ND"
"97","Vaupés","2,022","51.4","Riesgo alto","51.4","Riesgo alto","ND","ND"
"99","Vichada","2,024","14.6","Riesgo medio","14.6","Riesgo medio","ND","ND"
"99","Vichada","2,007","33.5","Riesgo medio","33.5","Riesgo medio","ND","ND"
"99","Vichada","2,008","30.5","Riesgo medio","30.6","Riesgo medio","1.7","Sin riesgo"
"99","Vichada","2,009","34.1","Riesgo medio","33.9","Riesgo medio","65.7","Riesgo alto"
"99","Vichada","2,010","14.9","Riesgo medio","14.9","Riesgo medio","ND","ND"
"99","Vichada","2,011","21.6","Riesgo medio","21.6","Riesgo medio","ND","ND"
"99","Vichada","2,012","29","Riesgo medio","29.0","Riesgo medio","ND","ND"
"99","Vichada","2,013","26.4","Riesgo medio","26.2","Riesgo medio","69.4","Riesgo alto"
"99","Vichada","2,014","23.5","Riesgo medio","23.0","Riesgo medio","48.7","Riesgo alto"
"99","Vichada","2,015","23.5","Riesgo medio","22.8","Riesgo medio","64.2","Riesgo alto"
"99","Vichada","2,016","28.1","Riesgo medio","28.1","Riesgo medio","ND","ND"
"99","Vichada","2,017","12.9","Riesgo bajo","9.6","Riesgo bajo","2.2","Sin riesgo"
"99","Vichada","2,018","17.3","Riesgo medio","17.3","Riesgo medio","ND","ND"
"99","Vichada","2,019","15.3","Riesgo medio","10.2","Riesgo bajo","ND","ND"
"99","Vichada","2,020","3.6","Sin riesgo","3.6","Sin riesgo","ND","ND"
"99","Vichada","2,021","10.5","Riesgo bajo","10.5","Riesgo bajo","ND","ND"
"99","Vichada","2,022","5.5","Riesgo bajo","5.5","Riesgo bajo","ND","ND"
"99","Vichada","2,023","21.1","Riesgo medio","21.1","Riesgo medio","ND","ND"
